date,close,job_zscore
2025-10-01,255.45,0.0
2025-10-02,257.13,0.0
2025-10-03,258.02,0.0
2025-10-06,256.69,0.0
2025-10-07,256.48,0.0
2025-10-08,258.06,0.0
2025-10-09,254.04,0.0
2025-10-10,245.27,0.0
2025-10-13,247.66,0.0
2025-10-14,247.77,0.0
2025-10-15,249.34,0.0
2025-10-16,247.45,0.0
2025-10-17,252.29,0.0
2025-10-20,262.24,0.0
2025-10-21,262.77,0.0
2025-10-22,258.45,0.0
2025-10-23,259.58,0.0
2025-10-24,262.82,0.0
2025-10-27,268.81,0.0
2025-10-28,269.0,0.0
2025-10-29,269.7,0.0
2025-10-30,271.4,0.0
2025-10-31,270.37,0.0
2025-11-03,269.05,-4.694855340334424
2025-11-04,270.04,-3.3226495451672293
2025-11-05,270.14,-2.7151049467368398
2025-11-06,269.77,-2.3530909538385987
2025-11-07,268.47,-2.106113550052384
2025-11-10,269.43,-1.9238371618427963
2025-11-11,275.25,-1.7821869924871676
2025-11-12,273.47,-1.6304396135194004
2025-11-13,272.95,-1.5018507101425085
2025-11-14,272.41,-1.3904435743076176
2025-11-17,267.46,-1.292167547068476
2025-11-18,267.44,-1.2041594578792298
2025-11-19,268.56,-1.1243231582167785
2025-11-20,266.25,-1.0510765456244848
2025-11-21,271.49,-0.983192080250176
2025-11-24,275.92,-0.9196919774214215
2025-11-25,276.97,-0.859776532754019
2025-11-26,277.55,-0.802772971919488
2025-11-28,278.85,-0.7480970009343785
2025-12-01,283.1,-3.3717714072371723
2025-12-02,286.19,-2.8024104666085887
2025-12-03,284.15,-2.431116979839199
2025-12-04,280.7,-2.163158394896742
2025-12-05,278.78,-1.9573484360711322
2025-12-08,277.89,-1.7925592745403893
2025-12-09,277.18,-1.6567554093278534
2025-12-10,278.78,-1.5426054167453567
2025-12-11,278.03,-1.445488824811875
2025-12-12,278.28,-1.3625315723650009
2025-12-15,274.11,-1.2921675470684846
2025-12-16,274.61,-1.2041594578792283
2025-12-17,271.84,-1.1243231582167867
2025-12-18,272.19,-1.0510765456244933
2025-12-19,273.67,-0.9831920802501798
2025-12-22,270.97,-0.9196919774214297
2025-12-23,272.36,-0.8597765327540188
2025-12-24,273.81,-0.8027729719194924
2025-12-26,273.4,-0.7480970009343871
2025-12-29,273.76,-0.6952217871538101
2025-12-30,273.08,-0.643650304346796
2025-12-31,271.86,-0.5928871321888886
2026-01-02,271.01,2.672413479123748
2026-01-05,267.26,2.4293087697967617
2026-01-06,262.36,2.2351436399809392
2026-01-07,260.33,2.0749946473562546
2026-01-08,259.04,1.9396315960947395
2026-01-09,259.37,1.822995821858013
2026-01-12,260.25,1.7209222600195482
2026-01-13,261.05,1.6304396135194201
2026-01-14,259.96,1.5018507101425154
2026-01-15,258.21,1.390443574307619
2026-01-16,255.53,1.2921675470684812
2026-01-20,246.7,1.2041594578792327
2026-01-21,247.65,1.1243231582167885
2026-01-22,248.35,1.0510765456244897
2026-01-23,248.04,0.983192080250179
2026-01-26,255.41,0.9196919774214287
2026-01-27,258.27,0.8597765327540156
2026-01-28,256.44,0.802772971919489
2026-01-29,258.28,0.7480970009343871
2026-01-30,259.48,0.695221787153807
2026-02-02,270.01,0.0515384716919506
2026-02-03,269.48,7.633286366585384e-05
2026-02-04,276.49,-0.056220185980957474
2026-02-05,275.91,-0.11915095162524296
2026-02-06,278.12,-0.19151503145758775
2026-02-09,274.62,-0.27800560559388665
2026-02-10,273.68,-0.3873456530351112
2026-02-11,275.5,-0.5384270674688687
2026-02-12,261.73,-0.7842289732338207
2026-02-13,255.78,-1.3904435743077708
2026-02-17,263.88,-1.292167547068608
2026-02-18,264.35,-1.204159457879347
2026-02-19,260.58,-1.124323158216893
2026-02-20,264.58,-1.051076545624579
2026-02-23,266.18,-0.9831920802502624
2026-02-24,272.14,-0.9196919774214893
2026-02-25,274.23,-0.8597765327540727
2026-02-26,272.95,-0.8027729719195584
2026-02-27,264.18,-0.7480970009344444
2026-03-02,264.72,0.38440533285018263
2026-03-03,263.75,0.43005986371275773
2026-03-04,262.52,0.4797741263638132
2026-03-05,260.29,0.5344828178162373
2026-03-06,257.46,0.5954453990181143
2026-03-09,259.88,0.6644102871849961
2026-03-10,260.83,0.7438939933827444
2026-03-11,260.81,0.8376846819963945
2026-03-12,255.76,0.951821112824157
2026-03-13,250.12,1.096690687182315
2026-03-16,252.82,1.2921675470687886
2026-03-17,254.23,1.2041594578795014
2026-03-18,249.94,1.1243231582170434
2026-03-19,248.96,1.0510765456246967
2026-03-20,247.99,0.983192080250398
2026-03-23,251.49,0.9196919774216449
2026-03-24,251.64,0.8597765327542072
2026-03-25,252.62,0.8027729719196811
2026-03-26,252.89,0.7480970009345779
2026-03-27,248.8,0.6952217871540048
